license_number,license_key,activation_code,customer_name,license_type,issue_date,expiry_date,validity,status
1,4BBB-EA4B-57FF-7C29,6DFD-2B33-2DA2-91C4-2DA2-91C5-2DA2-91C6,Cliente0001,standard,2025-11-02,PERMANENTE,LIFETIME,active
2,6D95-ED53-C3CC-3A94,B483-9A76-44F6-E967-44F6-E968-44F6-E969,Cliente0002,standard,2025-11-02,PERMANENTE,LIFETIME,active
3,624A-3ACC-FBD8-5F2A,6751-E409-518E-655A-518E-655B-518E-655C,Cliente0003,standard,2025-11-02,PERMANENTE,LIFETIME,active
4,A35A-7245-866F-DCCB,7031-9152-7663-BBC3-7663-BBC4-7663-BBC5,Cliente0004,standard,2025-11-02,PERMANENTE,LIFETIME,active
5,320D-4058-DC6D-89CE,E3ED-FB64-61AD-6815-61AD-6816-61AD-6817,Cliente0005,standard,2025-11-02,PERMANENTE,LIFETIME,active
6,13BF-505C-99D1-0490,98AA-AD3D-AE00-550E-AE00-550F-AE00-5510,Cliente0006,standard,2025-11-02,PERMANENTE,LIFETIME,active
7,3237-7085-1147-280A,890E-FCCB-AAEE-965C-AAEE-965D-AAEE-965E,Cliente0007,standard,2025-11-02,PERMANENTE,LIFETIME,active
8,D9B8-914D-34BB-D16F,A124-94B5-C5B7-2B86-C5B7-2B87-C5B7-2B88,Cliente0008,standard,2025-11-02,PERMANENTE,LIFETIME,active
9,1E14-B43C-BA98-4144,9FBE-1C08-9781-9D39-9781-9D3A-9781-9D3B,Cliente0009,standard,2025-11-02,PERMANENTE,LIFETIME,active
10,3724-2862-A9B0-39A6,4E68-8271-1B78-D0C2-1B78-D0C3-1B78-D0C4,Cliente0010,standard,2025-11-02,PERMANENTE,LIFETIME,active
11,2922-CCE8-12FB-C131,1F98-D2F5-12B3-31C6-12B3-31C7-12B3-31C8,Cliente0011,standard,2025-11-02,PERMANENTE,LIFETIME,active
12,73EE-464C-94EB-5393,58A7-499D-6D90-7D6E-6D90-7D6F-6D90-7D70,Cliente0012,standard,2025-11-02,PERMANENTE,LIFETIME,active
13,4FDD-1DEB-5E08-86DB,136F-5414-8159-D6C5-8159-D6C6-8159-D6C7,Cliente0013,standard,2025-11-02,PERMANENTE,LIFETIME,active
14,C954-3720-598A-C1C3,7CD7-B922-17CE-DD93-17CE-DD94-17CE-DD95,Cliente0014,standard,2025-11-02,PERMANENTE,LIFETIME,active
15,F26F-FC39-C3E2-51AE,AB4F-9622-1542-5A93-1542-5A94-1542-5A95,Cliente0015,standard,2025-11-02,PERMANENTE,LIFETIME,active
16,853C-FB6B-88EA-CF14,3CCF-54E7-D6B9-F1F8-D6B9-F1F9-D6B9-F1FA,Cliente0016,standard,2025-11-02,PERMANENTE,LIFETIME,active
17,52A9-932B-CDD6-C0F3,3FD0-CEEE-39EA-ACDF-39EA-ACE0-39EA-ACE1,Cliente0017,standard,2025-11-02,PERMANENTE,LIFETIME,active
18,52E0-310A-260B-F6EE,E4CE-4B91-7E97-BDE2-7E97-BDE3-7E97-BDE4,Cliente0018,standard,2025-11-02,PERMANENTE,LIFETIME,active
19,10C6-466F-9312-BC2B,33D9-2DC8-AEFE-E6F9-AEFE-E6FA-AEFE-E6FB,Cliente0019,standard,2025-11-02,PERMANENTE,LIFETIME,active
20,F041-3009-663E-C87C,CF12-0EC0-B153-E6F1-B153-E6F2-B153-E6F3,Cliente0020,standard,2025-11-02,PERMANENTE,LIFETIME,active
21,7625-B150-9C96-6AE5,12FE-4668-72C7-1399-72C7-139A-72C7-139B,Cliente0021,standard,2025-11-02,PERMANENTE,LIFETIME,active
22,EFF5-1167-07B3-A5FB,A9E0-D94F-E5FC-0360-E5FC-0361-E5FC-0362,Cliente0022,standard,2025-11-02,PERMANENTE,LIFETIME,active
23,2B8D-7C72-3455-2C77,616D-B6C7-8F24-8FD8-8F24-8FD9-8F24-8FDA,Cliente0023,standard,2025-11-02,PERMANENTE,LIFETIME,active
24,F5A9-08DB-F0C2-27A7,0319-A50F-664E-4720-664E-4721-664E-4722,Cliente0024,standard,2025-11-02,PERMANENTE,LIFETIME,active
25,0EAC-1CC8-1149-DBAF,9E31-D384-646C-4435-646C-4436-646C-4437,Cliente0025,standard,2025-11-02,PERMANENTE,LIFETIME,active
26,5647-F584-1166-1CBA,606E-8A42-6E3F-D2B3-6E3F-D2B4-6E3F-D2B5,Cliente0026,standard,2025-11-02,PERMANENTE,LIFETIME,active
27,5B7D-BB5F-F669-66C6,7990-B8E1-ABA7-D532-ABA7-D533-ABA7-D534,Cliente0027,standard,2025-11-02,PERMANENTE,LIFETIME,active
28,45A6-ECC3-23C0-C648,3903-FDBB-5983-B54C-5983-B54D-5983-B54E,Cliente0028,standard,2025-11-02,PERMANENTE,LIFETIME,active
29,8918-FA3B-3A5A-4F13,1E7C-9E5E-EE10-6A4F-EE10-6A50-EE10-6A51,Cliente0029,standard,2025-11-02,PERMANENTE,LIFETIME,active
30,BF36-6726-E946-BDAB,CEE4-0977-AB65-3888-AB65-3889-AB65-388A,Cliente0030,standard,2025-11-02,PERMANENTE,LIFETIME,active
31,38D4-FE6A-B603-552B,6F8D-057E-612D-B56F-612D-B570-612D-B571,Cliente0031,standard,2025-11-02,PERMANENTE,LIFETIME,active
32,626F-A352-CA4D-00A5,C61C-E391-89B9-55E2-89B9-55E3-89B9-55E4,Cliente0032,standard,2025-11-02,PERMANENTE,LIFETIME,active
33,130A-993B-AA07-B213,9FD4-FCDD-9A74-98AE-9A74-98AF-9A74-98B0,Cliente0033,standard,2025-11-02,PERMANENTE,LIFETIME,active
34,8301-1F52-2648-EBD9,E5CE-E4C2-9FAB-7D33-9FAB-7D34-9FAB-7D35,Cliente0034,standard,2025-11-02,PERMANENTE,LIFETIME,active
35,FAAE-8584-9F55-9179,51BE-13C9-8980-8D1A-8980-8D1B-8980-8D1C,Cliente0035,standard,2025-11-02,PERMANENTE,LIFETIME,active
36,AB76-65F9-33C2-E475,4C2D-24DA-D1D1-C04B-D1D1-C04C-D1D1-C04D,Cliente0036,standard,2025-11-02,PERMANENTE,LIFETIME,active
37,FE9A-9BF0-7043-7BB1,4BD2-65F0-C61F-2421-C61F-2422-C61F-2423,Cliente0037,standard,2025-11-02,PERMANENTE,LIFETIME,active
38,E749-A0DC-ACBE-BDF5,3ADA-3D0D-9621-DEDE-9621-DEDF-9621-DEE0,Cliente0038,standard,2025-11-02,PERMANENTE,LIFETIME,active
39,F0B7-7001-7A4E-FDBE,9DFB-FB79-5D7B-6ACA-5D7B-6ACB-5D7B-6ACC,Cliente0039,standard,2025-11-02,PERMANENTE,LIFETIME,active
40,D1EF-E40C-5591-66E8,56F2-BE09-354A-7F5A-354A-7F5B-354A-7F5C,Cliente0040,standard,2025-11-02,PERMANENTE,LIFETIME,active
41,FF00-B32F-C1DC-4AE3,0D75-FD21-BC35-A172-BC35-A173-BC35-A174,Cliente0041,standard,2025-11-02,PERMANENTE,LIFETIME,active
42,4FA0-1CE6-BC10-5D68,92FE-D627-F2D9-9B38-F2D9-9B39-F2D9-9B3A,Cliente0042,standard,2025-11-02,PERMANENTE,LIFETIME,active
43,FA7D-5BC3-58DF-4327,A6EE-5B76-84B9-CA67-84B9-CA68-84B9-CA69,Cliente0043,standard,2025-11-02,PERMANENTE,LIFETIME,active
44,36CB-B490-E098-7E53,C0EC-C4F7-DE85-6408-DE85-6409-DE85-640A,Cliente0044,standard,2025-11-02,PERMANENTE,LIFETIME,active
45,B76E-BB32-63BF-BDB4,4688-3F2A-1790-249B-1790-249C-1790-249D,Cliente0045,standard,2025-11-02,PERMANENTE,LIFETIME,active
46,EF64-858F-DAA0-D47D,EAD3-6249-453F-AB9A-453F-AB9B-453F-AB9C,Cliente0046,standard,2025-11-02,PERMANENTE,LIFETIME,active
47,401B-3994-5E13-2C1E,06CF-1E99-E0B2-F1EA-E0B2-F1EB-E0B2-F1EC,Cliente0047,standard,2025-11-02,PERMANENTE,LIFETIME,active
48,F0B5-7572-C3A5-E888,9539-F69B-3C78-CA2C-3C78-CA2D-3C78-CA2E,Cliente0048,standard,2025-11-02,PERMANENTE,LIFETIME,active
49,AC15-DD87-E6F3-C647,A6A5-34B9-7B4B-CC0A-7B4B-CC0B-7B4B-CC0C,Cliente0049,standard,2025-11-02,PERMANENTE,LIFETIME,active
50,E634-DDA9-04A5-5520,F6EE-C4CA-D4C7-5E3B-D4C7-5E3C-D4C7-5E3D,Cliente0050,standard,2025-11-02,PERMANENTE,LIFETIME,active
51,22B3-06D5-F8D7-2DE5,71E5-4781-AE8E-37D2-AE8E-37D3-AE8E-37D4,Cliente0051,standard,2025-11-02,PERMANENTE,LIFETIME,active
52,B734-D774-4C07-8AC1,89B8-70B1-C0C6-8702-C0C6-8703-C0C6-8704,Cliente0052,standard,2025-11-02,PERMANENTE,LIFETIME,active
53,739E-0C6C-5143-EF2E,295D-37C3-5504-3054-5504-3055-5504-3056,Cliente0053,standard,2025-11-02,PERMANENTE,LIFETIME,active
54,7EB4-EA3B-E02F-7C30,5F36-4317-45FE-A628-45FE-A629-45FE-A62A,Cliente0054,standard,2025-11-02,PERMANENTE,LIFETIME,active
55,F44B-E76F-1174-2F82,355D-CDD7-E117-88E8-E117-88E9-E117-88EA,Cliente0055,standard,2025-11-02,PERMANENTE,LIFETIME,active
56,9BB6-CFE8-FB6C-B2A1,23FD-3F00-A3A5-1F31-A3A5-1F32-A3A5-1F33,Cliente0056,standard,2025-11-02,PERMANENTE,LIFETIME,active
57,ED9D-B1BA-85D6-B652,CB68-DAA2-3884-2F13-3884-2F14-3884-2F15,Cliente0057,standard,2025-11-02,PERMANENTE,LIFETIME,active
58,96D8-DBC8-4EB8-239F,B5D8-F6A3-70F7-CB34-70F7-CB35-70F7-CB36,Cliente0058,standard,2025-11-02,PERMANENTE,LIFETIME,active
59,8859-EC30-FFDE-C248,99C8-621F-D2D4-A630-D2D4-A631-D2D4-A632,Cliente0059,standard,2025-11-02,PERMANENTE,LIFETIME,active
60,5C0A-F9B6-B612-5DBC,5CF5-5619-FBA0-196A-FBA0-196B-FBA0-196C,Cliente0060,standard,2025-11-02,PERMANENTE,LIFETIME,active
61,8907-2478-84AA-05BF,48A8-E728-5DC5-CC59-5DC5-CC5A-5DC5-CC5B,Cliente0061,standard,2025-11-02,PERMANENTE,LIFETIME,active
62,0D6C-7F04-7640-DCD6,50BF-F040-68BD-F871-68BD-F872-68BD-F873,Cliente0062,standard,2025-11-02,PERMANENTE,LIFETIME,active
63,363A-EAD8-0298-6EB2,DB00-FF61-3B20-EBB2-3B20-EBB3-3B20-EBB4,Cliente0063,standard,2025-11-02,PERMANENTE,LIFETIME,active
64,0D0A-4E44-CF84-5616,AB2E-ED2D-110C-92FE-110C-92FF-110C-9300,Cliente0064,standard,2025-11-02,PERMANENTE,LIFETIME,active
65,DD20-47D1-5801-327F,4F1A-85BA-326B-3D2B-326B-3D2C-326B-3D2D,Cliente0065,standard,2025-11-02,PERMANENTE,LIFETIME,active
66,0EC4-F112-D1D6-B008,FF1F-BF6F-E317-AD80-E317-AD81-E317-AD82,Cliente0066,standard,2025-11-02,PERMANENTE,LIFETIME,active
67,82E4-2952-C222-E75D,A790-5AE3-999B-B774-999B-B775-999B-B776,Cliente0067,standard,2025-11-02,PERMANENTE,LIFETIME,active
68,792A-4287-6FCF-7D5B,0CF0-536F-AAFA-C180-AAFA-C181-AAFA-C182,Cliente0068,standard,2025-11-02,PERMANENTE,LIFETIME,active
69,3C13-3477-74CD-D0BD,61DA-935B-9D2C-FEEC-9D2C-FEED-9D2C-FEEE,Cliente0069,standard,2025-11-02,PERMANENTE,LIFETIME,active
70,0786-1C86-61AD-1D4D,21AF-1570-5791-C3A1-5791-C3A2-5791-C3A3,Cliente0070,standard,2025-11-02,PERMANENTE,LIFETIME,active
71,CCC6-43EB-18A8-F524,CA66-7310-1734-D541-1734-D542-1734-D543,Cliente0071,standard,2025-11-02,PERMANENTE,LIFETIME,active
72,C1E7-AF43-F85D-39E0,11C0-CF36-49DA-B627-49DA-B628-49DA-B629,Cliente0072,standard,2025-11-02,PERMANENTE,LIFETIME,active
73,B670-5413-A385-B78F,63E5-92E4-E097-EF95-E097-EF96-E097-EF97,Cliente0073,standard,2025-11-02,PERMANENTE,LIFETIME,active
74,DB4D-6838-33AE-1719,7A04-A975-BA99-D846-BA99-D847-BA99-D848,Cliente0074,standard,2025-11-02,PERMANENTE,LIFETIME,active
75,11AE-A6FC-3F05-754F,AD31-FF6C-5371-ED1D-5371-ED1E-5371-ED1F,Cliente0075,standard,2025-11-02,PERMANENTE,LIFETIME,active
76,79BE-39B7-F62B-29E3,39FB-5DAF-7967-13C0-7967-13C1-7967-13C2,Cliente0076,standard,2025-11-02,PERMANENTE,LIFETIME,active
77,BFDC-043A-CD31-E834,B18F-11F6-E371-50E7-E371-50E8-E371-50E9,Cliente0077,standard,2025-11-02,PERMANENTE,LIFETIME,active
78,2CBE-54CE-35E2-0AAD,3D66-E222-EA43-2693-EA43-2694-EA43-2695,Cliente0078,standard,2025-11-02,PERMANENTE,LIFETIME,active
79,99D5-5035-FBD8-44F0,AD61-E7BA-599E-DF2B-599E-DF2C-599E-DF2D,Cliente0079,standard,2025-11-02,PERMANENTE,LIFETIME,active
80,8C30-2582-8452-A41F,9EC7-7B6E-77B6-E95F-77B6-E960-77B6-E961,Cliente0080,standard,2025-11-02,PERMANENTE,LIFETIME,active
81,C5EC-3C09-EAE7-8660,6B00-6C15-CB0D-EEE6-CB0D-EEE7-CB0D-EEE8,Cliente0081,standard,2025-11-02,PERMANENTE,LIFETIME,active
82,991C-966D-5ADA-188A,F686-D80C-C761-D9BD-C761-D9BE-C761-D9BF,Cliente0082,standard,2025-11-02,PERMANENTE,LIFETIME,active
83,1B89-BF7F-8D19-E85E,ADA9-1B46-62CC-8437-62CC-8438-62CC-8439,Cliente0083,standard,2025-11-02,PERMANENTE,LIFETIME,active
84,244D-492C-F087-FBD5,D3FF-38A6-53E6-4D97-53E6-4D98-53E6-4D99,Cliente0084,standard,2025-11-02,PERMANENTE,LIFETIME,active
85,1D9C-3EFB-D655-555B,483D-6576-4FEA-1467-4FEA-1468-4FEA-1469,Cliente0085,standard,2025-11-02,PERMANENTE,LIFETIME,active
86,0F04-EFF4-B8E5-B5D9,1119-4E07-3443-0F18-3443-0F19-3443-0F1A,Cliente0086,standard,2025-11-02,PERMANENTE,LIFETIME,active
87,01FF-E37A-7F40-92DF,B8BB-9DF3-D02F-5C84-D02F-5C85-D02F-5C86,Cliente0087,standard,2025-11-02,PERMANENTE,LIFETIME,active
88,64BD-5B81-8B4F-8E96,0D09-C590-AE42-77C1-AE42-77C2-AE42-77C3,Cliente0088,standard,2025-11-02,PERMANENTE,LIFETIME,active
89,8006-FAB6-ED9C-2D6B,8099-F540-93D8-9D71-93D8-9D72-93D8-9D73,Cliente0089,standard,2025-11-02,PERMANENTE,LIFETIME,active
90,E6F5-C67E-4D6C-D617,CB37-C53E-3230-6D2F-3230-6D30-3230-6D31,Cliente0090,standard,2025-11-02,PERMANENTE,LIFETIME,active
91,F46F-1A4F-C33C-FF80,0743-4A82-EFAC-9AF3-EFAC-9AF4-EFAC-9AF5,Cliente0091,standard,2025-11-02,PERMANENTE,LIFETIME,active
92,DB3B-4E35-0A3D-C6F9,468C-73BC-181A-EB6D-181A-EB6E-181A-EB6F,Cliente0092,standard,2025-11-02,PERMANENTE,LIFETIME,active
93,0D6B-5BDA-EF2C-EEDA,2F71-5697-1D9C-29A8-1D9C-29A9-1D9C-29AA,Cliente0093,standard,2025-11-02,PERMANENTE,LIFETIME,active
94,FFCC-938D-5B57-3DF7,BD03-F291-5D82-44E2-5D82-44E3-5D82-44E4,Cliente0094,standard,2025-11-02,PERMANENTE,LIFETIME,active
95,D316-2862-D853-C148,5AFC-F334-BA9B-59E5-BA9B-59E6-BA9B-59E7,Cliente0095,standard,2025-11-02,PERMANENTE,LIFETIME,active
96,B683-478F-D69A-3DEA,1690-97FD-E8A3-97CE-E8A3-97CF-E8A3-97D0,Cliente0096,standard,2025-11-02,PERMANENTE,LIFETIME,active
97,0B18-FD0F-560B-21C8,236C-0756-90EC-F247-90EC-F248-90EC-F249,Cliente0097,standard,2025-11-02,PERMANENTE,LIFETIME,active
98,9648-0C54-BD76-36FD,EBF5-CC5D-6AAF-582E-6AAF-582F-6AAF-5830,Cliente0098,standard,2025-11-02,PERMANENTE,LIFETIME,active
99,2362-8959-DB39-ADC6,CCB9-77DC-63E8-738D-63E8-738E-63E8-738F,Cliente0099,standard,2025-11-02,PERMANENTE,LIFETIME,active
100,8EE6-4776-A6F4-DAF4,A1BD-B0A0-D973-C4D1-D973-C4D2-D973-C4D3,Cliente0100,standard,2025-11-02,PERMANENTE,LIFETIME,active
101,C016-1AA5-C7B8-A37A,C76E-64E2-B53B-0153-B53B-0154-B53B-0155,Cliente0101,standard,2025-11-02,PERMANENTE,LIFETIME,active
102,B0B8-EE02-689F-C842,C19E-AAC6-F574-03B7-F574-03B8-F574-03B9,Cliente0102,standard,2025-11-02,PERMANENTE,LIFETIME,active
103,AB4B-24A7-F825-E98A,16A9-25D3-EBCD-E064-EBCD-E065-EBCD-E066,Cliente0103,standard,2025-11-02,PERMANENTE,LIFETIME,active
104,8B76-44F7-92FA-A8EE,DDA2-BBA1-91FA-2FF2-91FA-2FF3-91FA-2FF4,Cliente0104,standard,2025-11-02,PERMANENTE,LIFETIME,active
105,D98B-3A05-CE65-6B57,444D-BDC7-CE05-76D8-CE05-76D9-CE05-76DA,Cliente0105,standard,2025-11-02,PERMANENTE,LIFETIME,active
106,9019-BC76-116E-AA9F,7958-4CA3-A461-E134-A461-E135-A461-E136,Cliente0106,standard,2025-11-02,PERMANENTE,LIFETIME,active
107,9F71-06CA-5E90-90B5,2F63-2734-1BC8-0DE5-1BC8-0DE6-1BC8-0DE7,Cliente0107,standard,2025-11-02,PERMANENTE,LIFETIME,active
108,2D28-732C-A2F3-3C54,6307-B36A-C3FE-20DB-C3FE-20DC-C3FE-20DD,Cliente0108,standard,2025-11-02,PERMANENTE,LIFETIME,active
109,2A91-199B-FF49-8F16,6C11-0FC0-EE33-07F1-EE33-07F2-EE33-07F3,Cliente0109,standard,2025-11-02,PERMANENTE,LIFETIME,active
110,DCE5-14FE-12BE-D767,622A-A3C3-A77F-1C54-A77F-1C55-A77F-1C56,Cliente0110,standard,2025-11-02,PERMANENTE,LIFETIME,active
111,288E-1067-A21C-FE9B,1C4A-4A02-A593-8A73-A593-8A74-A593-8A75,Cliente0111,standard,2025-11-02,PERMANENTE,LIFETIME,active
112,5B3F-34CA-7E85-CA1F,77E7-9CFF-74DB-3D10-74DB-3D11-74DB-3D12,Cliente0112,standard,2025-11-02,PERMANENTE,LIFETIME,active
113,B98D-BEDC-571E-8EB5,98D7-D53B-B3D2-7CCC-B3D2-7CCD-B3D2-7CCE,Cliente0113,standard,2025-11-02,PERMANENTE,LIFETIME,active
114,A3A5-3C21-20E7-75FB,5980-7935-898F-A006-898F-A007-898F-A008,Cliente0114,standard,2025-11-02,PERMANENTE,LIFETIME,active
115,B7AA-ED51-C3A8-3D33,70E6-0976-8DA7-3867-8DA7-3868-8DA7-3869,Cliente0115,standard,2025-11-02,PERMANENTE,LIFETIME,active
116,0EE3-4D36-D6F6-2138,D7A9-85B2-CCDA-3C23-CCDA-3C24-CCDA-3C25,Cliente0116,standard,2025-11-02,PERMANENTE,LIFETIME,active
117,1BF4-1B40-368F-12B3,1531-6483-BB5D-F514-BB5D-F515-BB5D-F516,Cliente0117,standard,2025-11-02,PERMANENTE,LIFETIME,active
118,007B-4BDD-F713-DD49,97B9-11AD-8EDB-477E-8EDB-477F-8EDB-4780,Cliente0118,standard,2025-11-02,PERMANENTE,LIFETIME,active
119,449A-6829-B2AE-FB3D,7F74-AA34-6E09-F0E5-6E09-F0E6-6E09-F0E7,Cliente0119,standard,2025-11-02,PERMANENTE,LIFETIME,active
120,E64B-AB4C-004F-82C6,AEBA-6608-8607-2739-8607-273A-8607-273B,Cliente0120,standard,2025-11-02,PERMANENTE,LIFETIME,active
121,840C-79D3-B7E4-9003,C9D8-7E24-04E8-42D5-04E8-42D6-04E8-42D7,Cliente0121,standard,2025-11-02,PERMANENTE,LIFETIME,active
122,5502-3FA2-2FB6-19B6,3D15-EC2A-DFD3-719B-DFD3-719C-DFD3-719D,Cliente0122,standard,2025-11-02,PERMANENTE,LIFETIME,active
123,CA88-F947-D3CB-A54E,D82E-EA69-DE0C-37BA-DE0C-37BB-DE0C-37BC,Cliente0123,standard,2025-11-02,PERMANENTE,LIFETIME,active
124,084C-F121-504E-819E,8FC4-743E-8852-FC2F-8852-FC30-8852-FC31,Cliente0124,standard,2025-11-02,PERMANENTE,LIFETIME,active
125,2D60-D78B-717E-F5C1,B86A-97E4-C5BD-9495-C5BD-9496-C5BD-9497,Cliente0125,standard,2025-11-02,PERMANENTE,LIFETIME,active
126,95AE-2737-11D2-D416,0997-327E-3C7D-826F-3C7D-8270-3C7D-8271,Cliente0126,standard,2025-11-02,PERMANENTE,LIFETIME,active
127,E77A-3C16-FA19-C93B,8CDE-10B3-28A0-2744-28A0-2745-28A0-2746,Cliente0127,standard,2025-11-02,PERMANENTE,LIFETIME,active
128,6C8A-F8F0-EC8A-145B,0706-9F83-E7DA-9014-E7DA-9015-E7DA-9016,Cliente0128,standard,2025-11-02,PERMANENTE,LIFETIME,active
129,BA99-11FA-4F7D-C2E6,5E83-6CE3-2EF1-0974-2EF1-0975-2EF1-0976,Cliente0129,standard,2025-11-02,PERMANENTE,LIFETIME,active
130,8070-AA64-D755-D7A9,6177-ADD5-906D-68A6-906D-68A7-906D-68A8,Cliente0130,standard,2025-11-02,PERMANENTE,LIFETIME,active
131,B484-9E29-3A94-AC7F,CEF7-C7ED-ADF0-C5BE-ADF0-C5BF-ADF0-C5C0,Cliente0131,standard,2025-11-02,PERMANENTE,LIFETIME,active
132,EB59-05C1-796E-169B,0CA5-BB1B-A15D-1EAC-A15D-1EAD-A15D-1EAE,Cliente0132,standard,2025-11-02,PERMANENTE,LIFETIME,active
133,D835-F006-774B-67A9,9B5A-706B-06A8-7DFC-06A8-7DFD-06A8-7DFE,Cliente0133,standard,2025-11-02,PERMANENTE,LIFETIME,active
134,C786-C01F-16FD-D784,CA93-29AA-1CF8-5F1B-1CF8-5F1C-1CF8-5F1D,Cliente0134,standard,2025-11-02,PERMANENTE,LIFETIME,active
135,7570-2AD3-AE48-E691,24B4-2674-BB38-F525-BB38-F526-BB38-F527,Cliente0135,standard,2025-11-02,PERMANENTE,LIFETIME,active
136,67EF-F000-BA27-0910,4963-22A4-75C7-7755-75C7-7756-75C7-7757,Cliente0136,standard,2025-11-02,PERMANENTE,LIFETIME,active
137,3012-A292-0CA4-64B5,5679-234D-259D-8D1E-259D-8D1F-259D-8D20,Cliente0137,standard,2025-11-02,PERMANENTE,LIFETIME,active
138,7D26-5569-BB97-552C,20A7-66AF-3594-3CC0-3594-3CC1-3594-3CC2,Cliente0138,standard,2025-11-02,PERMANENTE,LIFETIME,active
139,01A0-FCA7-4AEC-6A4D,5C54-61FF-E6E0-A210-E6E0-A211-E6E0-A212,Cliente0139,standard,2025-11-02,PERMANENTE,LIFETIME,active
140,2CF0-82C8-B986-BA42,4452-C0A2-CEAA-D513-CEAA-D514-CEAA-D515,Cliente0140,standard,2025-11-02,PERMANENTE,LIFETIME,active
141,852B-BD53-C031-5462,61A8-6677-96B5-3588-96B5-3589-96B5-358A,Cliente0141,standard,2025-11-02,PERMANENTE,LIFETIME,active
142,F39C-6A7A-7CF2-A4CB,396A-57B0-66B5-4DE1-66B5-4DE2-66B5-4DE3,Cliente0142,standard,2025-11-02,PERMANENTE,LIFETIME,active
143,9361-A122-5AD7-117B,D429-FA95-5969-4D66-5969-4D67-5969-4D68,Cliente0143,standard,2025-11-02,PERMANENTE,LIFETIME,active
144,8DEB-5122-439C-AC3F,3AF6-680D-99C3-69DE-99C3-69DF-99C3-69E0,Cliente0144,standard,2025-11-02,PERMANENTE,LIFETIME,active
145,FE20-2D79-AF25-44CF,D739-B892-BE70-CB03-BE70-CB04-BE70-CB05,Cliente0145,standard,2025-11-02,PERMANENTE,LIFETIME,active
146,6721-2715-BCA7-E5C1,793C-364A-A0C2-FFBB-A0C2-FFBC-A0C2-FFBD,Cliente0146,standard,2025-11-02,PERMANENTE,LIFETIME,active
147,8A8E-0312-AEC6-F852,D356-90E0-3E28-AD11-3E28-AD12-3E28-AD13,Cliente0147,standard,2025-11-02,PERMANENTE,LIFETIME,active
148,223A-F7A4-FAC5-CD08,B3ED-3F78-3195-2EA9-3195-2EAA-3195-2EAB,Cliente0148,standard,2025-11-02,PERMANENTE,LIFETIME,active
149,96E1-26F7-D08C-BBA1,72BC-A14F-CA50-CB60-CA50-CB61-CA50-CB62,Cliente0149,standard,2025-11-02,PERMANENTE,LIFETIME,active
150,AF81-36D5-11DB-F7C4,E382-2A0E-53C7-6BFF-53C7-6C00-53C7-6C01,Cliente0150,standard,2025-11-02,PERMANENTE,LIFETIME,active
151,84F9-E305-0F17-3917,CD19-517A-7043-80EB-7043-80EC-7043-80ED,Cliente0151,standard,2025-11-02,PERMANENTE,LIFETIME,active
152,2699-BC42-4DF0-0B02,1732-3327-FD78-9838-FD78-9839-FD78-983A,Cliente0152,standard,2025-11-02,PERMANENTE,LIFETIME,active
153,4636-594C-C5D6-F6A3,D403-615A-546F-8CCB-546F-8CCC-546F-8CCD,Cliente0153,standard,2025-11-02,PERMANENTE,LIFETIME,active
154,40A6-F73E-9BC0-A012,FE14-D2D2-C0AF-2D43-C0AF-2D44-C0AF-2D45,Cliente0154,standard,2025-11-02,PERMANENTE,LIFETIME,active
155,03E3-7D33-AAB5-AC82,3B29-9B43-A05D-03D4-A05D-03D5-A05D-03D6,Cliente0155,standard,2025-11-02,PERMANENTE,LIFETIME,active
156,5409-081B-5D76-EF39,FC6F-B92A-8A66-DE9B-8A66-DE9C-8A66-DE9D,Cliente0156,standard,2025-11-02,PERMANENTE,LIFETIME,active
157,007D-3292-5B48-473E,EE2A-D211-B385-1462-B385-1463-B385-1464,Cliente0157,standard,2025-11-02,PERMANENTE,LIFETIME,active
158,2B92-7FE9-BAF9-B0ED,4483-C677-D4FC-9588-D4FC-9589-D4FC-958A,Cliente0158,standard,2025-11-02,PERMANENTE,LIFETIME,active
159,214F-4BEB-5B02-E451,6AEA-CAB2-C844-2123-C844-2124-C844-2125,Cliente0159,standard,2025-11-02,PERMANENTE,LIFETIME,active
160,17EF-D019-1CE7-9CAD,75FB-DE22-3577-A293-3577-A294-3577-A295,Cliente0160,standard,2025-11-02,PERMANENTE,LIFETIME,active
161,A6A9-8662-12C7-CDED,940C-8B14-159D-EDC5-159D-EDC6-159D-EDC7,Cliente0161,standard,2025-11-02,PERMANENTE,LIFETIME,active
162,03F7-08E5-47E9-5CB1,0760-B4F6-F377-53E7-F377-53E8-F377-53E9,Cliente0162,standard,2025-11-02,PERMANENTE,LIFETIME,active
163,94D3-CFE7-5398-921B,C584-AA00-7619-EA31-7619-EA32-7619-EA33,Cliente0163,standard,2025-11-02,PERMANENTE,LIFETIME,active
164,D2D2-FC45-F192-51B6,E519-B93E-8850-E12F-8850-E130-8850-E131,Cliente0164,standard,2025-11-02,PERMANENTE,LIFETIME,active
165,A4AE-D57B-B357-9258,159C-8986-C92D-BA77-C92D-BA78-C92D-BA79,Cliente0165,standard,2025-11-02,PERMANENTE,LIFETIME,active
166,6471-E24B-ABAE-5D66,2090-9D6D-32A4-4B3E-32A4-4B3F-32A4-4B40,Cliente0166,standard,2025-11-02,PERMANENTE,LIFETIME,active
167,0FD8-31F9-577A-EE40,4B2C-2927-B0B1-4E38-B0B1-4E39-B0B1-4E3A,Cliente0167,standard,2025-11-02,PERMANENTE,LIFETIME,active
168,EBFC-C73C-02A6-8253,76AC-3F2B-4C34-24BC-4C34-24BD-4C34-24BE,Cliente0168,standard,2025-11-02,PERMANENTE,LIFETIME,active
169,C724-8BB4-ABAD-0432,2846-3BE1-310D-B832-310D-B833-310D-B834,Cliente0169,standard,2025-11-02,PERMANENTE,LIFETIME,active
170,CA24-EAA6-9244-DF74,FDB7-78EF-B4A6-9700-B4A6-9701-B4A6-9702,Cliente0170,standard,2025-11-02,PERMANENTE,LIFETIME,active
171,EEBF-2F69-4FE8-E868,9A3F-641B-E22B-E7AC-E22B-E7AD-E22B-E7AE,Cliente0171,standard,2025-11-02,PERMANENTE,LIFETIME,active
172,DD7D-43FC-1106-E8A1,0C86-492A-9D4F-6E9B-9D4F-6E9C-9D4F-6E9D,Cliente0172,standard,2025-11-02,PERMANENTE,LIFETIME,active
173,3B04-1944-B949-712A,93BE-928E-0B90-E47F-0B90-E480-0B90-E481,Cliente0173,standard,2025-11-02,PERMANENTE,LIFETIME,active
174,4A15-E973-27C9-1B5F,C28C-80F6-141C-9FE7-141C-9FE8-141C-9FE9,Cliente0174,standard,2025-11-02,PERMANENTE,LIFETIME,active
175,DE3E-9CBC-DB8F-77FC,A01A-87BD-A36B-7F8E-A36B-7F8F-A36B-7F90,Cliente0175,standard,2025-11-02,PERMANENTE,LIFETIME,active
176,240D-6D77-7140-16A5,C855-2DAB-D2FA-E33C-D2FA-E33D-D2FA-E33E,Cliente0176,standard,2025-11-02,PERMANENTE,LIFETIME,active
177,71CC-76A2-C93A-ADB7,CF97-2A7C-C27C-7A2D-C27C-7A2E-C27C-7A2F,Cliente0177,standard,2025-11-02,PERMANENTE,LIFETIME,active
178,6739-2042-6B06-8C66,C3E7-B846-40DE-C137-40DE-C138-40DE-C139,Cliente0178,standard,2025-11-02,PERMANENTE,LIFETIME,active
179,39D1-F2CF-652F-4D06,4823-73A3-4C91-E834-4C91-E835-4C91-E836,Cliente0179,standard,2025-11-02,PERMANENTE,LIFETIME,active
180,0B26-8AB2-60D2-57ED,8A10-6B78-CC1D-DAA9-CC1D-DAAA-CC1D-DAAB,Cliente0180,standard,2025-11-02,PERMANENTE,LIFETIME,active
181,56CC-AA90-1319-AAA7,E42C-E424-69C9-68D5-69C9-68D6-69C9-68D7,Cliente0181,standard,2025-11-02,PERMANENTE,LIFETIME,active
182,C20D-3A58-8586-14AD,221E-232F-65E2-8940-65E2-8941-65E2-8942,Cliente0182,standard,2025-11-02,PERMANENTE,LIFETIME,active
183,A05A-BB78-0106-7366,F43F-4177-7C27-7088-7C27-7089-7C27-708A,Cliente0183,standard,2025-11-02,PERMANENTE,LIFETIME,active
184,2D4E-4F2D-D1CF-3926,090E-F9D1-2AEE-3422-2AEE-3423-2AEE-3424,Cliente0184,standard,2025-11-02,PERMANENTE,LIFETIME,active
185,0EC2-44A1-12BF-51FC,3415-AB5E-B6CB-174F-B6CB-1750-B6CB-1751,Cliente0185,standard,2025-11-02,PERMANENTE,LIFETIME,active
186,4B10-2915-01A5-11C9,A2D4-F33D-FD73-5B0E-FD73-5B0F-FD73-5B10,Cliente0186,standard,2025-11-02,PERMANENTE,LIFETIME,active
187,88D4-FCD5-98A3-4D1F,087B-EEDE-17F9-CACF-17F9-CAD0-17F9-CAD1,Cliente0187,standard,2025-11-02,PERMANENTE,LIFETIME,active
188,E319-863D-AE48-F1B8,D50D-094A-76AE-32BB-76AE-32BC-76AE-32BD,Cliente0188,standard,2025-11-02,PERMANENTE,LIFETIME,active
189,4645-9F58-252A-8F2D,1EDF-B6ED-FAD6-94BE-FAD6-94BF-FAD6-94C0,Cliente0189,standard,2025-11-02,PERMANENTE,LIFETIME,active
190,1A9A-2285-900C-453B,56AC-EC77-2C4A-7B88-2C4A-7B89-2C4A-7B8A,Cliente0190,standard,2025-11-02,PERMANENTE,LIFETIME,active
191,0F0E-54F2-31EB-EAF9,4737-461C-2E20-09CD-2E20-09CE-2E20-09CF,Cliente0191,standard,2025-11-02,PERMANENTE,LIFETIME,active
192,A653-4481-E9D0-4F2E,03A7-23D3-788B-9E64-788B-9E65-788B-9E66,Cliente0192,standard,2025-11-02,PERMANENTE,LIFETIME,active
193,372A-AC29-0E81-6315,7F37-6239-6623-A98A-6623-A98B-6623-A98C,Cliente0193,standard,2025-11-02,PERMANENTE,LIFETIME,active
194,6BAD-911A-9BFD-035F,24AB-287C-BA10-382D-BA10-382E-BA10-382F,Cliente0194,standard,2025-11-02,PERMANENTE,LIFETIME,active
195,7EA4-9BAB-EE34-71F2,FB77-EE00-6A75-AE31-6A75-AE32-6A75-AE33,Cliente0195,standard,2025-11-02,PERMANENTE,LIFETIME,active
196,2443-C7A0-4E82-FC58,AE68-C231-7B81-0882-7B81-0883-7B81-0884,Cliente0196,standard,2025-11-02,PERMANENTE,LIFETIME,active
197,769E-1499-8BAD-6B1B,1FE8-BA4C-1D00-03FD-1D00-03FE-1D00-03FF,Cliente0197,standard,2025-11-02,PERMANENTE,LIFETIME,active
198,E165-3339-C7E8-7CF1,C16E-FBDB-EF4E-776C-EF4E-776D-EF4E-776E,Cliente0198,standard,2025-11-02,PERMANENTE,LIFETIME,active
199,558A-0541-BEC0-09AC,B558-0734-6058-EDE5-6058-EDE6-6058-EDE7,Cliente0199,standard,2025-11-02,PERMANENTE,LIFETIME,active
200,0963-7555-75FB-180F,8513-AA7B-2788-FA0C-2788-FA0D-2788-FA0E,Cliente0200,standard,2025-11-02,PERMANENTE,LIFETIME,active
